{
  "type": "RootCO",
  "barName": "AggregateMQFlow",
  "AggregateMQFlow": {
    "type": "Bar",
    "locationOnDisk": "G:\\Work\\IBMIncubation\\GITCode\\aggregationmq\\AggregateMQFlow.bar",
    "AggregationMQ": {
      "javaIsolation": true,
      "monitoring": "inherit",
      "monitoringProfile": "",
      "startMode": "Maintained",
      "type": "Application",
      "id": "AggregationMQ",
      "lastModified": "2020-06-05 15:01:16",
      "locationOnDisk": "AggregationMQ",
      "longDesc": "",
      "schemaTag": "element",
      "shortDesc": "",
      "appDescriptor": {
        "type": "Descriptor",
        "lastModified": "2020-06-05 15:01:16",
        "locationOnDisk": "AggregationMQ/application.descriptor",
        "shortFileName": "application.descriptor",
        "size": 210,
        "subtype": "ApplicationDescriptor"
      },
      "serverName": "",
      "appName": "AggregationMQ",
      "AggregationMQ_FanOut_inputMessage.xml": {
        "type": "Resource",
        "lastModified": "2020-06-05 15:01:16",
        "locationOnDisk": "AggregationMQ/AggregationMQ_FanOut_inputMessage.xml",
        "shortFileName": "AggregationMQ_FanOut_inputMessage.xml",
        "size": 755,
        "serverName": "",
        "resourceName": "AggregationMQ_FanOut_inputMessage.xml"
      },
      "AggregationMQ_FanOut_Mapping___Backend1.map": {
        "type": "Resource",
        "lastModified": "2020-06-05 15:01:16",
        "locationOnDisk": "AggregationMQ/AggregationMQ_FanOut_Mapping___Backend1.map",
        "shortFileName": "AggregationMQ_FanOut_Mapping___Backend1.map",
        "size": 1332,
        "serverName": "",
        "resourceName": "AggregationMQ_FanOut_Mapping___Backend1.map"
      },
      "AggregationMQ_FanOut_Mapping___Backend2.map": {
        "type": "Resource",
        "lastModified": "2020-06-05 15:01:16",
        "locationOnDisk": "AggregationMQ/AggregationMQ_FanOut_Mapping___Backend2.map",
        "shortFileName": "AggregationMQ_FanOut_Mapping___Backend2.map",
        "size": 1332,
        "serverName": "",
        "resourceName": "AggregationMQ_FanOut_Mapping___Backend2.map"
      },
      "ExampleSchema.xsd": {
        "type": "Resource",
        "lastModified": "2020-06-05 15:01:16",
        "locationOnDisk": "AggregationMQ/ExampleSchema.xsd",
        "shortFileName": "ExampleSchema.xsd",
        "size": 1068,
        "serverName": "",
        "resourceName": "ExampleSchema.xsd"
      },
      "AggregationMQ_FanIn": {
        "activeUserExitList": "",
        "additionalInstances": 0,
        "commitCount": 1,
        "commitInterval": 0,
        "consumerPolicySet": "",
        "consumerPolicySetBindings": "",
        "coordinatedTransaction": false,
        "inactiveUserExitList": "",
        "maximumRateMsgsPerSec": 0,
        "monitoring": "inherit",
        "monitoringProfile": "",
        "notificationThresholdMsgsPerSec": 0,
        "processingTimeoutAction": "none",
        "processingTimeoutSec": 0,
        "providerPolicySet": "",
        "providerPolicySetBindings": "",
        "securityProfileName": "",
        "startInstancesWhenFlowStarts": false,
        "startMode": "Maintained",
        "testRecordMode": false,
        "traceNodeLevel": true,
        "wlmPolicy": "",
        "type": "MessageFlow",
        "id": "AggregationMQ_FanIn",
        "lastModified": "2020-06-05 15:01:16",
        "locationOnDisk": "AggregationMQ/AggregationMQ_FanIn.cmf",
        "longDesc": "",
        "operationalPolicy": "WorkloadManagement",
        "operationalPolicyAttr": "wlmPolicy",
        "operationalPolicyRequired": "required",
        "schemaTag": "element",
        "shortDesc": "",
        "shortFileName": "AggregationMQ_FanIn.cmf",
        "size": 16018,
        "version": "",
        "MessageFlowOverrides": {
          "AggregationMQ_FanIn#Aggregate Reply.aggregateName": "AggregationMQ",
          "AggregationMQ_FanIn#MQ Input - BACKEND.REPLY.destinationQueueManagerName": "QM",
          "AggregationMQ_FanIn#MQ Input - BACKEND.REPLY.queueName": "BACKEND.REPLY",
          "AggregationMQ_FanIn#MQ Output - AGG.OUT.destinationQueueManagerName": "QM",
          "AggregationMQ_FanIn#MQ Output - AGG.OUT.queueName": "AGG.OUT",
          "type": "MessageFlowOverrides",
          "id": "MessageFlowOverrides"
        },
        "serverName": "",
        "appName": "AggregationMQ",
        "sharedLibName": "",
        "staticLibName": "",
        "messageFlowName": "AggregationMQ_FanIn",
        "Nodes": [
          {
            "SSLCipherSpec": "",
            "SSLPeerName": "",
            "additionalInstances": 0,
            "allMsgsAvailable": false,
            "browse": false,
            "catchSecurityExceptions": false,
            "channelName": "",
            "commitByMessageGroup": false,
            "componentLevel": "flow",
            "connection": "SERVER",
            "connectorName": "MQ",
            "convert": false,
            "convertCodedCharSetId": 0,
            "convertEncoding": 0,
            "destinationQueueManagerName": "QM",
            "hpo": false,
            "identityIssuedByLocation": "",
            "identityPasswordLocation": "",
            "identityTokenLocation": "",
            "identityType": "none",
            "listenerPortNumber": "",
            "logicalOrder": true,
            "matchCorrelId": "no",
            "matchMsgId": "no",
            "messageDomainProperty": "XMLNSC",
            "messageFormatProperty": "",
            "messageSetProperty": "",
            "messageTypeProperty": "",
            "orderMode": "default",
            "orderModeLocation": "",
            "parserMqrfh2cUseForMqrfh2Domain": false,
            "parserXmlnscBuildTreeUsingXMLSchema": false,
            "parserXmlnscCommentsRetainMode": "none",
            "parserXmlnscMixedContentRetainMode": "none",
            "parserXmlnscProcessingInstructionsRetainMode": "none",
            "parserXmlnscUseForXmlnsDomain": false,
            "policyUrl": "",
            "queueManagerHostname": "",
            "queueName": "BACKEND.REPLY",
            "resetBrowseTimeout": -1,
            "securityIdentity": "",
            "securityProfileName": "",
            "serializationToken": "",
            "topicProperty": "",
            "transactionMode": "yes",
            "useSSL": false,
            "validateAllValueConstraints": true,
            "validateFailureAction": "exception",
            "validateFixup": "none",
            "validateMaster": "none",
            "validateTiming": "deferred",
            "type": "Node",
            "id": "AggregationMQ_FanIn#FCMComposite_1_1",
            "allowsDatabaseInteraction": "false",
            "allowsTransformations": "false",
            "className": "ComIbmMQInput",
            "commitsUOW": "true",
            "deleted": "no",
            "deployedResourceTypes": "none",
            "deprecated": "no",
            "hasDynamicTerminals": "false",
            "hasMonitoring": "true",
            "hasNamespacePrefixMap": "true",
            "hasThreads": "true",
            "hasUDPs": "false",
            "languages": "none",
            "location": "30,30",
            "longDescription": "",
            "nodeType": "input",
            "operationMode": "all,iiboc",
            "operationalPolicy": "MQEndpoint",
            "operationalPolicyAttr": "policyUrl",
            "operationalPolicyDefaultCondition": "destinationQueueManagerName",
            "operationalPolicyDefaultPolicy": "Default",
            "operationalPolicyRequired": "required",
            "participatesUOW": "true",
            "platforms": "all",
            "pubSubRelated": "false",
            "requiresIntegrationNode": "false",
            "requiresJava": "false",
            "requiresMQ": "connection\u003dSERVER",
            "requiresNodeJS": "false",
            "requiresOther": "",
            "schemaTag": "element",
            "shortDescription": "",
            "standards": "none",
            "terminals": [
              {
                "direction": "out",
                "identifier": "failure"
              },
              {
                "direction": "out",
                "identifier": "out"
              },
              {
                "direction": "out",
                "identifier": "catch"
              }
            ],
            "transports": "MQ",
            "versionIntroduced": "2.0.0.0",
            "serverName": "",
            "appName": "AggregationMQ",
            "sharedLibName": "",
            "staticLibName": "",
            "messageFlowName": "AggregationMQ_FanIn",
            "subFlowName": "",
            "nodeName": "MQ Input - BACKEND.REPLY"
          },
          {
            "AddRequestToGroup": false,
            "GroupRequestFolderName": "",
            "GroupRequestTimeout": 0,
            "SSLCipherSpec": "",
            "SSLPeerName": "",
            "alternateUserAuthority": false,
            "channelName": "",
            "connection": "SERVER",
            "connectorName": "MQ",
            "destinationMode": "fixed",
            "destinationQueueManagerName": "QM",
            "listenerPortNumber": "",
            "messageContext": "passAll",
            "newCorrelId": false,
            "newMsgId": false,
            "persistenceMode": "automatic",
            "policyUrl": "",
            "queueManagerHostname": "",
            "queueManagerName": "",
            "queueName": "AGG.OUT",
            "replyToQ": "",
            "replyToQMgr": "",
            "request": false,
            "securityIdentity": "",
            "securityProfileName": "",
            "segmentationAllowed": false,
            "transactionMode": "automatic",
            "useSSL": false,
            "validateAllValueConstraints": true,
            "validateFailureAction": "exception",
            "validateFixup": "none",
            "validateMaster": "inherit",
            "type": "Node",
            "id": "AggregationMQ_FanIn#FCMComposite_1_3",
            "allowsDatabaseInteraction": "false",
            "allowsTransformations": "false",
            "className": "ComIbmMQOutput",
            "commitsUOW": "false",
            "deleted": "no",
            "deployedResourceTypes": "none",
            "deprecated": "no",
            "hasDynamicTerminals": "false",
            "hasMonitoring": "true",
            "hasNamespacePrefixMap": "true",
            "hasThreads": "false",
            "hasUDPs": "false",
            "languages": "none",
            "location": "480,30",
            "longDescription": "",
            "nodeType": "output",
            "operationMode": "all,iiboc",
            "operationalPolicy": "MQEndpoint",
            "operationalPolicyAttr": "policyUrl",
            "operationalPolicyDefaultCondition": "destinationQueueManagerName",
            "operationalPolicyDefaultPolicy": "Default",
            "operationalPolicyRequired": "required",
            "participatesUOW": "true",
            "platforms": "all",
            "pubSubRelated": "false",
            "requiresIntegrationNode": "false",
            "requiresJava": "false",
            "requiresMQ": "connection\u003dSERVER",
            "requiresNodeJS": "false",
            "requiresOther": "",
            "schemaTag": "element",
            "shortDescription": "",
            "standards": "none",
            "terminals": [
              {
                "direction": "in",
                "identifier": "in"
              },
              {
                "direction": "out",
                "identifier": "failure"
              },
              {
                "direction": "out",
                "identifier": "out"
              }
            ],
            "transports": "MQ",
            "versionIntroduced": "2.0.0.0",
            "serverName": "",
            "appName": "AggregationMQ",
            "sharedLibName": "",
            "staticLibName": "",
            "messageFlowName": "AggregationMQ_FanIn",
            "subFlowName": "",
            "nodeName": "MQ Output - AGG.OUT"
          },
          {
            "aggregateName": "AggregationMQ",
            "queuePrefix": "",
            "timeoutThreads": 1,
            "transactionMode": "yes",
            "unsolicitedTimeout": 0,
            "type": "Node",
            "id": "AggregationMQ_FanIn#FCMComposite_1_4",
            "allowsDatabaseInteraction": "false",
            "allowsTransformations": "false",
            "className": "ComIbmAggregateReply",
            "commitsUOW": "true",
            "deleted": "no",
            "deployedResourceTypes": "none",
            "deprecated": "no",
            "hasDynamicTerminals": "false",
            "hasMonitoring": "true",
            "hasNamespacePrefixMap": "true",
            "hasThreads": "true",
            "hasUDPs": "false",
            "languages": "none",
            "location": "180,30",
            "longDescription": "",
            "nodeType": "messagerouting",
            "operationMode": "all,-adapter",
            "operationalPolicy": "Aggregation",
            "operationalPolicyAttr": "aggregateName",
            "operationalPolicyRequired": "optional",
            "participatesUOW": "true",
            "platforms": "all",
            "pubSubRelated": "false",
            "requiresIntegrationNode": "false",
            "requiresJava": "false",
            "requiresMQ": "true",
            "requiresNodeJS": "false",
            "requiresOther": "",
            "schemaTag": "element",
            "shortDescription": "",
            "standards": "none",
            "terminals": [
              {
                "direction": "in",
                "identifier": "control"
              },
              {
                "direction": "in",
                "identifier": "in"
              },
              {
                "direction": "out",
                "identifier": "failure"
              },
              {
                "direction": "out",
                "identifier": "unknown"
              },
              {
                "direction": "out",
                "identifier": "out"
              },
              {
                "direction": "out",
                "identifier": "timeout"
              },
              {
                "direction": "out",
                "identifier": "catch"
              }
            ],
            "transports": "none",
            "versionIntroduced": "5.0.0.0",
            "serverName": "",
            "appName": "AggregationMQ",
            "sharedLibName": "",
            "staticLibName": "",
            "messageFlowName": "AggregationMQ_FanIn",
            "subFlowName": "",
            "nodeName": "Aggregate Reply"
          },
          {
            "computeExpression": "\nCREATE SCHEMA \"\" PATH \"\"\n\nCREATE COMPUTE MODULE AggregationMQ_FanIn_Compute\n\tCREATE FUNCTION Main() RETURNS BOOLEAN\n\tBEGIN\n\t\t\n\t\tDECLARE tns NAMESPACE \u0027http://www.ibm.com/Example\u0027;\t\t\n\t\tSET OutputRoot.Properties \u003d InputRoot.ComIbmAggregateReplyBody.Backend1.Properties;\n\t\tSET OutputRoot.MQMD \u003d InputRoot.ComIbmAggregateReplyBody.Backend1.MQMD;\n\t\tCREATE LASTCHILD OF OutputRoot DOMAIN(\u0027XMLNSC\u0027);\n\t\tSET OutputRoot.XMLNSC.tns:OverallOutputMessage.tns:ResponseBackend1 \u003d InputRoot.ComIbmAggregateReplyBody.Backend1.XMLNSC.tns:BackendMessage1.tns:Field;\t\t\n\t\tSET OutputRoot.XMLNSC.tns:OverallOutputMessage.tns:ResponseBackend2 \u003d InputRoot.ComIbmAggregateReplyBody.Backend2.XMLNSC.tns:BackendMessage2.tns:Field;\n\t\t\t\t\n\t\tRETURN TRUE;\n\tEND;\n\nEND MODULE;",
            "computeMode": "message",
            "connectDatasourceBeforeFlowStarts": false,
            "dataSource": "",
            "parserMqrfh2cUseForMqrfh2Domain": false,
            "throwExceptionOnDatabaseError": true,
            "transaction": "automatic",
            "treatWarningsAsErrors": false,
            "validateAllValueConstraints": true,
            "validateFailureAction": "exception",
            "validateFixup": "none",
            "validateMaster": "none",
            "type": "Node",
            "id": "AggregationMQ_FanIn#FCMComposite_1_5",
            "allowsDatabaseInteraction": "true",
            "allowsTransformations": "true",
            "className": "ComIbmCompute",
            "commitsUOW": "true",
            "deleted": "no",
            "deployedResourceTypes": "esql",
            "deprecated": "no",
            "hasDynamicTerminals": "false",
            "hasMonitoring": "true",
            "hasNamespacePrefixMap": "true",
            "hasThreads": "false",
            "hasUDPs": "true",
            "languages": "esql,java",
            "location": "330,30",
            "longDescription": "",
            "nodeType": "language",
            "operationMode": "all,iiboc,-entry,-scale,-adapter",
            "operationalPolicy": "none",
            "participatesUOW": "true",
            "platforms": "all",
            "pubSubRelated": "false",
            "requiresIntegrationNode": "false",
            "requiresJava": "false",
            "requiresMQ": "false",
            "requiresNodeJS": "false",
            "requiresOther": "",
            "schemaTag": "element",
            "shortDescription": "",
            "standards": "none",
            "terminals": [
              {
                "direction": "in",
                "identifier": "in"
              },
              {
                "direction": "out",
                "identifier": "failure"
              },
              {
                "direction": "out",
                "identifier": "out"
              },
              {
                "direction": "out",
                "identifier": "out1"
              },
              {
                "direction": "out",
                "identifier": "out2"
              },
              {
                "direction": "out",
                "identifier": "out3"
              },
              {
                "direction": "out",
                "identifier": "out4"
              }
            ],
            "transports": "none",
            "versionIntroduced": "2.0.0.0",
            "serverName": "",
            "appName": "AggregationMQ",
            "sharedLibName": "",
            "staticLibName": "",
            "messageFlowName": "AggregationMQ_FanIn",
            "subFlowName": "",
            "nodeName": "Compute"
          }
        ]
      },
      "AggregationMQ_FanOut": {
        "activeUserExitList": "",
        "additionalInstances": 0,
        "commitCount": 1,
        "commitInterval": 0,
        "consumerPolicySet": "",
        "consumerPolicySetBindings": "",
        "coordinatedTransaction": false,
        "inactiveUserExitList": "",
        "maximumRateMsgsPerSec": 0,
        "monitoring": "inherit",
        "monitoringProfile": "",
        "notificationThresholdMsgsPerSec": 0,
        "processingTimeoutAction": "none",
        "processingTimeoutSec": 0,
        "providerPolicySet": "",
        "providerPolicySetBindings": "",
        "securityProfileName": "",
        "startInstancesWhenFlowStarts": false,
        "startMode": "Maintained",
        "testRecordMode": false,
        "traceNodeLevel": true,
        "wlmPolicy": "",
        "type": "MessageFlow",
        "id": "AggregationMQ_FanOut",
        "lastModified": "2020-06-05 15:01:14",
        "locationOnDisk": "AggregationMQ/AggregationMQ_FanOut.cmf",
        "longDesc": "",
        "operationalPolicy": "WorkloadManagement",
        "operationalPolicyAttr": "wlmPolicy",
        "operationalPolicyRequired": "required",
        "schemaTag": "element",
        "shortDesc": "",
        "shortFileName": "AggregationMQ_FanOut.cmf",
        "size": 22058,
        "version": "",
        "MessageFlowOverrides": {
          "AggregationMQ_FanOut#Aggregate Control.aggregateName": "AggregationMQ",
          "AggregationMQ_FanOut#MQ Input - AGG.IN.destinationQueueManagerName": "QM",
          "AggregationMQ_FanOut#MQ Input - AGG.IN.queueName": "AGG.IN",
          "AggregationMQ_FanOut#MQ Output - BACKEND1.destinationQueueManagerName": "QM",
          "AggregationMQ_FanOut#MQ Output - BACKEND1.queueName": "BACKEND1",
          "AggregationMQ_FanOut#MQ Output - BACKEND2.destinationQueueManagerName": "QM",
          "AggregationMQ_FanOut#MQ Output - BACKEND2.queueName": "BACKEND2",
          "type": "MessageFlowOverrides",
          "id": "MessageFlowOverrides"
        },
        "serverName": "",
        "appName": "AggregationMQ",
        "sharedLibName": "",
        "staticLibName": "",
        "messageFlowName": "AggregationMQ_FanOut",
        "Nodes": [
          {
            "SSLCipherSpec": "",
            "SSLPeerName": "",
            "additionalInstances": 0,
            "allMsgsAvailable": false,
            "browse": false,
            "catchSecurityExceptions": false,
            "channelName": "",
            "commitByMessageGroup": false,
            "componentLevel": "flow",
            "connection": "SERVER",
            "connectorName": "MQ",
            "convert": false,
            "convertCodedCharSetId": 0,
            "convertEncoding": 0,
            "destinationQueueManagerName": "QM",
            "hpo": false,
            "identityIssuedByLocation": "",
            "identityPasswordLocation": "",
            "identityTokenLocation": "",
            "identityType": "none",
            "listenerPortNumber": "",
            "logicalOrder": true,
            "matchCorrelId": "no",
            "matchMsgId": "no",
            "messageDomainProperty": "XMLNSC",
            "messageFormatProperty": "",
            "messageSetProperty": "",
            "messageTypeProperty": "",
            "orderMode": "default",
            "orderModeLocation": "",
            "parserMqrfh2cUseForMqrfh2Domain": false,
            "parserXmlnscBuildTreeUsingXMLSchema": false,
            "parserXmlnscCommentsRetainMode": "none",
            "parserXmlnscMixedContentRetainMode": "none",
            "parserXmlnscProcessingInstructionsRetainMode": "none",
            "parserXmlnscUseForXmlnsDomain": false,
            "policyUrl": "",
            "queueManagerHostname": "",
            "queueName": "AGG.IN",
            "resetBrowseTimeout": -1,
            "securityIdentity": "",
            "securityProfileName": "",
            "serializationToken": "",
            "topicProperty": "",
            "transactionMode": "yes",
            "useSSL": false,
            "validateAllValueConstraints": true,
            "validateFailureAction": "exception",
            "validateFixup": "none",
            "validateMaster": "none",
            "validateTiming": "deferred",
            "type": "Node",
            "id": "AggregationMQ_FanOut#FCMComposite_1_1",
            "allowsDatabaseInteraction": "false",
            "allowsTransformations": "false",
            "className": "ComIbmMQInput",
            "commitsUOW": "true",
            "deleted": "no",
            "deployedResourceTypes": "none",
            "deprecated": "no",
            "hasDynamicTerminals": "false",
            "hasMonitoring": "true",
            "hasNamespacePrefixMap": "true",
            "hasThreads": "true",
            "hasUDPs": "false",
            "languages": "none",
            "location": "30,30",
            "longDescription": "",
            "nodeType": "input",
            "operationMode": "all,iiboc",
            "operationalPolicy": "MQEndpoint",
            "operationalPolicyAttr": "policyUrl",
            "operationalPolicyDefaultCondition": "destinationQueueManagerName",
            "operationalPolicyDefaultPolicy": "Default",
            "operationalPolicyRequired": "required",
            "participatesUOW": "true",
            "platforms": "all",
            "pubSubRelated": "false",
            "requiresIntegrationNode": "false",
            "requiresJava": "false",
            "requiresMQ": "connection\u003dSERVER",
            "requiresNodeJS": "false",
            "requiresOther": "",
            "schemaTag": "element",
            "shortDescription": "",
            "standards": "none",
            "terminals": [
              {
                "direction": "out",
                "identifier": "failure"
              },
              {
                "direction": "out",
                "identifier": "out"
              },
              {
                "direction": "out",
                "identifier": "catch"
              }
            ],
            "transports": "MQ",
            "versionIntroduced": "2.0.0.0",
            "serverName": "",
            "appName": "AggregationMQ",
            "sharedLibName": "",
            "staticLibName": "",
            "messageFlowName": "AggregationMQ_FanOut",
            "subFlowName": "",
            "nodeName": "MQ Input - AGG.IN"
          },
          {
            "mappingExpression": "{default}:AggregationMQ_FanOut_Mapping___Backend1",
            "transaction": "automatic",
            "validateAllValueConstraints": true,
            "validateFailureAction": "exception",
            "validateFixup": "none",
            "validateMaster": "none",
            "type": "Node",
            "id": "AggregationMQ_FanOut#FCMComposite_1_3",
            "allowsDatabaseInteraction": "true",
            "allowsTransformations": "true",
            "className": "ComIbmMSLMapping",
            "commitsUOW": "false",
            "deleted": "no",
            "deployedResourceTypes": "xmap",
            "deprecated": "no",
            "hasDynamicTerminals": "false",
            "hasMonitoring": "true",
            "hasNamespacePrefixMap": "true",
            "hasThreads": "false",
            "hasUDPs": "true",
            "languages": "none",
            "location": "330,30",
            "longDescription": "",
            "nodeType": "mapping",
            "operationMode": "all,iiboc,-adapter",
            "operationalPolicy": "none",
            "participatesUOW": "true",
            "platforms": "all",
            "pubSubRelated": "false",
            "requiresIntegrationNode": "false",
            "requiresJava": "true",
            "requiresMQ": "false",
            "requiresNodeJS": "false",
            "requiresOther": "",
            "schemaTag": "element",
            "shortDescription": "",
            "standards": "none",
            "terminals": [
              {
                "direction": "in",
                "identifier": "in"
              },
              {
                "direction": "out",
                "identifier": "failure"
              },
              {
                "direction": "out",
                "identifier": "out"
              }
            ],
            "transports": "none",
            "versionIntroduced": "8.0.0.0",
            "serverName": "",
            "appName": "AggregationMQ",
            "sharedLibName": "",
            "staticLibName": "",
            "messageFlowName": "AggregationMQ_FanOut",
            "subFlowName": "",
            "nodeName": "Mapping - Backend1"
          },
          {
            "mappingExpression": "{default}:AggregationMQ_FanOut_Mapping___Backend2",
            "transaction": "automatic",
            "validateAllValueConstraints": true,
            "validateFailureAction": "exception",
            "validateFixup": "none",
            "validateMaster": "none",
            "type": "Node",
            "id": "AggregationMQ_FanOut#FCMComposite_1_4",
            "allowsDatabaseInteraction": "true",
            "allowsTransformations": "true",
            "className": "ComIbmMSLMapping",
            "commitsUOW": "false",
            "deleted": "no",
            "deployedResourceTypes": "xmap",
            "deprecated": "no",
            "hasDynamicTerminals": "false",
            "hasMonitoring": "true",
            "hasNamespacePrefixMap": "true",
            "hasThreads": "false",
            "hasUDPs": "true",
            "languages": "none",
            "location": "330,130",
            "longDescription": "",
            "nodeType": "mapping",
            "operationMode": "all,iiboc,-adapter",
            "operationalPolicy": "none",
            "participatesUOW": "true",
            "platforms": "all",
            "pubSubRelated": "false",
            "requiresIntegrationNode": "false",
            "requiresJava": "true",
            "requiresMQ": "false",
            "requiresNodeJS": "false",
            "requiresOther": "",
            "schemaTag": "element",
            "shortDescription": "",
            "standards": "none",
            "terminals": [
              {
                "direction": "in",
                "identifier": "in"
              },
              {
                "direction": "out",
                "identifier": "failure"
              },
              {
                "direction": "out",
                "identifier": "out"
              }
            ],
            "transports": "none",
            "versionIntroduced": "8.0.0.0",
            "serverName": "",
            "appName": "AggregationMQ",
            "sharedLibName": "",
            "staticLibName": "",
            "messageFlowName": "AggregationMQ_FanOut",
            "subFlowName": "",
            "nodeName": "Mapping - Backend2"
          },
          {
            "folderName": "Backend1",
            "type": "Node",
            "id": "AggregationMQ_FanOut#FCMComposite_1_5",
            "allowsDatabaseInteraction": "false",
            "allowsTransformations": "false",
            "className": "ComIbmAggregateRequest",
            "commitsUOW": "false",
            "deleted": "no",
            "deployedResourceTypes": "none",
            "deprecated": "no",
            "hasDynamicTerminals": "false",
            "hasMonitoring": "true",
            "hasNamespacePrefixMap": "true",
            "hasThreads": "false",
            "hasUDPs": "false",
            "languages": "none",
            "location": "630,30",
            "longDescription": "",
            "nodeType": "messagerouting",
            "operationMode": "all,-adapter",
            "operationalPolicy": "none",
            "participatesUOW": "false",
            "platforms": "all",
            "pubSubRelated": "false",
            "requiresIntegrationNode": "false",
            "requiresJava": "false",
            "requiresMQ": "true",
            "requiresNodeJS": "false",
            "requiresOther": "",
            "schemaTag": "element",
            "shortDescription": "",
            "standards": "none",
            "terminals": [
              {
                "direction": "in",
                "identifier": "in"
              },
              {
                "direction": "out",
                "identifier": "out"
              }
            ],
            "transports": "none",
            "versionIntroduced": "5.0.0.0",
            "serverName": "",
            "appName": "AggregationMQ",
            "sharedLibName": "",
            "staticLibName": "",
            "messageFlowName": "AggregationMQ_FanOut",
            "subFlowName": "",
            "nodeName": "Aggregate Request1"
          },
          {
            "folderName": "Backend2",
            "type": "Node",
            "id": "AggregationMQ_FanOut#FCMComposite_1_6",
            "allowsDatabaseInteraction": "false",
            "allowsTransformations": "false",
            "className": "ComIbmAggregateRequest",
            "commitsUOW": "false",
            "deleted": "no",
            "deployedResourceTypes": "none",
            "deprecated": "no",
            "hasDynamicTerminals": "false",
            "hasMonitoring": "true",
            "hasNamespacePrefixMap": "true",
            "hasThreads": "false",
            "hasUDPs": "false",
            "languages": "none",
            "location": "630,130",
            "longDescription": "",
            "nodeType": "messagerouting",
            "operationMode": "all,-adapter",
            "operationalPolicy": "none",
            "participatesUOW": "false",
            "platforms": "all",
            "pubSubRelated": "false",
            "requiresIntegrationNode": "false",
            "requiresJava": "false",
            "requiresMQ": "true",
            "requiresNodeJS": "false",
            "requiresOther": "",
            "schemaTag": "element",
            "shortDescription": "",
            "standards": "none",
            "terminals": [
              {
                "direction": "in",
                "identifier": "in"
              },
              {
                "direction": "out",
                "identifier": "out"
              }
            ],
            "transports": "none",
            "versionIntroduced": "5.0.0.0",
            "serverName": "",
            "appName": "AggregationMQ",
            "sharedLibName": "",
            "staticLibName": "",
            "messageFlowName": "AggregationMQ_FanOut",
            "subFlowName": "",
            "nodeName": "Aggregate Request2"
          },
          {
            "AddRequestToGroup": false,
            "GroupRequestFolderName": "",
            "GroupRequestTimeout": 0,
            "SSLCipherSpec": "",
            "SSLPeerName": "",
            "alternateUserAuthority": false,
            "channelName": "",
            "connection": "SERVER",
            "connectorName": "MQ",
            "destinationMode": "fixed",
            "destinationQueueManagerName": "QM",
            "listenerPortNumber": "",
            "messageContext": "passAll",
            "newCorrelId": false,
            "newMsgId": true,
            "persistenceMode": "automatic",
            "policyUrl": "",
            "queueManagerHostname": "",
            "queueManagerName": "",
            "queueName": "BACKEND1",
            "replyToQ": "",
            "replyToQMgr": "",
            "request": false,
            "securityIdentity": "",
            "securityProfileName": "",
            "segmentationAllowed": false,
            "transactionMode": "automatic",
            "useSSL": false,
            "validateAllValueConstraints": true,
            "validateFailureAction": "exception",
            "validateFixup": "none",
            "validateMaster": "inherit",
            "type": "Node",
            "id": "AggregationMQ_FanOut#FCMComposite_1_7",
            "allowsDatabaseInteraction": "false",
            "allowsTransformations": "false",
            "className": "ComIbmMQOutput",
            "commitsUOW": "false",
            "deleted": "no",
            "deployedResourceTypes": "none",
            "deprecated": "no",
            "hasDynamicTerminals": "false",
            "hasMonitoring": "true",
            "hasNamespacePrefixMap": "true",
            "hasThreads": "false",
            "hasUDPs": "false",
            "languages": "none",
            "location": "480,30",
            "longDescription": "",
            "nodeType": "output",
            "operationMode": "all,iiboc",
            "operationalPolicy": "MQEndpoint",
            "operationalPolicyAttr": "policyUrl",
            "operationalPolicyDefaultCondition": "destinationQueueManagerName",
            "operationalPolicyDefaultPolicy": "Default",
            "operationalPolicyRequired": "required",
            "participatesUOW": "true",
            "platforms": "all",
            "pubSubRelated": "false",
            "requiresIntegrationNode": "false",
            "requiresJava": "false",
            "requiresMQ": "connection\u003dSERVER",
            "requiresNodeJS": "false",
            "requiresOther": "",
            "schemaTag": "element",
            "shortDescription": "",
            "standards": "none",
            "terminals": [
              {
                "direction": "in",
                "identifier": "in"
              },
              {
                "direction": "out",
                "identifier": "failure"
              },
              {
                "direction": "out",
                "identifier": "out"
              }
            ],
            "transports": "MQ",
            "versionIntroduced": "2.0.0.0",
            "serverName": "",
            "appName": "AggregationMQ",
            "sharedLibName": "",
            "staticLibName": "",
            "messageFlowName": "AggregationMQ_FanOut",
            "subFlowName": "",
            "nodeName": "MQ Output - BACKEND1"
          },
          {
            "AddRequestToGroup": false,
            "GroupRequestFolderName": "",
            "GroupRequestTimeout": 0,
            "SSLCipherSpec": "",
            "SSLPeerName": "",
            "alternateUserAuthority": false,
            "channelName": "",
            "connection": "SERVER",
            "connectorName": "MQ",
            "destinationMode": "fixed",
            "destinationQueueManagerName": "QM",
            "listenerPortNumber": "",
            "messageContext": "passAll",
            "newCorrelId": false,
            "newMsgId": true,
            "persistenceMode": "automatic",
            "policyUrl": "",
            "queueManagerHostname": "",
            "queueManagerName": "",
            "queueName": "BACKEND2",
            "replyToQ": "",
            "replyToQMgr": "",
            "request": false,
            "securityIdentity": "",
            "securityProfileName": "",
            "segmentationAllowed": false,
            "transactionMode": "automatic",
            "useSSL": false,
            "validateAllValueConstraints": true,
            "validateFailureAction": "exception",
            "validateFixup": "none",
            "validateMaster": "inherit",
            "type": "Node",
            "id": "AggregationMQ_FanOut#FCMComposite_1_8",
            "allowsDatabaseInteraction": "false",
            "allowsTransformations": "false",
            "className": "ComIbmMQOutput",
            "commitsUOW": "false",
            "deleted": "no",
            "deployedResourceTypes": "none",
            "deprecated": "no",
            "hasDynamicTerminals": "false",
            "hasMonitoring": "true",
            "hasNamespacePrefixMap": "true",
            "hasThreads": "false",
            "hasUDPs": "false",
            "languages": "none",
            "location": "480,130",
            "longDescription": "",
            "nodeType": "output",
            "operationMode": "all,iiboc",
            "operationalPolicy": "MQEndpoint",
            "operationalPolicyAttr": "policyUrl",
            "operationalPolicyDefaultCondition": "destinationQueueManagerName",
            "operationalPolicyDefaultPolicy": "Default",
            "operationalPolicyRequired": "required",
            "participatesUOW": "true",
            "platforms": "all",
            "pubSubRelated": "false",
            "requiresIntegrationNode": "false",
            "requiresJava": "false",
            "requiresMQ": "connection\u003dSERVER",
            "requiresNodeJS": "false",
            "requiresOther": "",
            "schemaTag": "element",
            "shortDescription": "",
            "standards": "none",
            "terminals": [
              {
                "direction": "in",
                "identifier": "in"
              },
              {
                "direction": "out",
                "identifier": "failure"
              },
              {
                "direction": "out",
                "identifier": "out"
              }
            ],
            "transports": "MQ",
            "versionIntroduced": "2.0.0.0",
            "serverName": "",
            "appName": "AggregationMQ",
            "sharedLibName": "",
            "staticLibName": "",
            "messageFlowName": "AggregationMQ_FanOut",
            "subFlowName": "",
            "nodeName": "MQ Output - BACKEND2"
          },
          {
            "aggregateName": "AggregationMQ",
            "queuePrefix": "",
            "timeoutInterval": 60,
            "timeoutLocation": "$LocalEnvironment/Aggregation/Timeout",
            "type": "Node",
            "id": "AggregationMQ_FanOut#FCMComposite_1_9",
            "allowsDatabaseInteraction": "false",
            "allowsTransformations": "false",
            "className": "ComIbmAggregateControl",
            "commitsUOW": "false",
            "deleted": "no",
            "deployedResourceTypes": "none",
            "deprecated": "no",
            "hasDynamicTerminals": "false",
            "hasMonitoring": "true",
            "hasNamespacePrefixMap": "true",
            "hasThreads": "false",
            "hasUDPs": "false",
            "languages": "none",
            "location": "180,30",
            "longDescription": "",
            "nodeType": "messagerouting",
            "operationMode": "all,-adapter",
            "operationalPolicy": "Aggregation",
            "operationalPolicyAttr": "aggregateName",
            "operationalPolicyRequired": "optional",
            "participatesUOW": "false",
            "platforms": "all",
            "pubSubRelated": "false",
            "requiresIntegrationNode": "false",
            "requiresJava": "false",
            "requiresMQ": "true",
            "requiresNodeJS": "false",
            "requiresOther": "",
            "schemaTag": "element",
            "shortDescription": "",
            "standards": "none",
            "terminals": [
              {
                "direction": "in",
                "identifier": "in"
              },
              {
                "direction": "out",
                "identifier": "out"
              },
              {
                "direction": "out",
                "identifier": "control"
              }
            ],
            "transports": "none",
            "versionIntroduced": "5.0.0.0",
            "serverName": "",
            "appName": "AggregationMQ",
            "sharedLibName": "",
            "staticLibName": "",
            "messageFlowName": "AggregationMQ_FanOut",
            "subFlowName": "",
            "nodeName": "Aggregate Control"
          }
        ]
      },
      "DeployDescriptor": {
        "type": "DeployDescriptor",
        "id": "DeployDescriptor",
        "lastModified": "2020-06-05 15:01:16",
        "locationOnDisk": "AggregationMQ/META-INF/broker.xml",
        "shortFileName": "broker.xml",
        "size": 11604,
        "serverName": "",
        "resourceName": "DeployDescriptor"
      }
    }
  }
}