{
  "type": "RootCO",
  "barName": "AggregateBackend1",
  "AggregateBackend1": {
    "type": "Bar",
    "locationOnDisk": "G:\\Work\\IBMIncubation\\GITCode\\aggregatemqbackend1\\AggregateBackend1.bar",
    "AggregationMQBackend1": {
      "javaIsolation": true,
      "monitoring": "inherit",
      "monitoringProfile": "",
      "startMode": "Maintained",
      "type": "Application",
      "id": "AggregationMQBackend1",
      "lastModified": "2020-06-06 20:16:50",
      "locationOnDisk": "AggregationMQBackend1",
      "longDesc": "",
      "schemaTag": "element",
      "shortDesc": "",
      "appDescriptor": {
        "type": "Descriptor",
        "lastModified": "2020-06-06 20:16:50",
        "locationOnDisk": "AggregationMQBackend1/application.descriptor",
        "shortFileName": "application.descriptor",
        "size": 210,
        "subtype": "ApplicationDescriptor"
      },
      "serverName": "",
      "appName": "AggregationMQBackend1",
      "Backend1Schema.xsd": {
        "type": "Resource",
        "lastModified": "2020-06-06 20:16:50",
        "locationOnDisk": "AggregationMQBackend1/Backend1Schema.xsd",
        "shortFileName": "Backend1Schema.xsd",
        "size": 395,
        "serverName": "",
        "resourceName": "Backend1Schema.xsd"
      },
      "Backend1_Mapping.map": {
        "type": "Resource",
        "lastModified": "2020-06-06 20:16:50",
        "locationOnDisk": "AggregationMQBackend1/Backend1_Mapping.map",
        "shortFileName": "Backend1_Mapping.map",
        "size": 1686,
        "serverName": "",
        "resourceName": "Backend1_Mapping.map"
      },
      "Backend1": {
        "activeUserExitList": "",
        "additionalInstances": 0,
        "commitCount": 1,
        "commitInterval": 0,
        "consumerPolicySet": "",
        "consumerPolicySetBindings": "",
        "coordinatedTransaction": false,
        "inactiveUserExitList": "",
        "maximumRateMsgsPerSec": 0,
        "monitoring": "inherit",
        "monitoringProfile": "",
        "notificationThresholdMsgsPerSec": 0,
        "processingTimeoutAction": "none",
        "processingTimeoutSec": 0,
        "providerPolicySet": "",
        "providerPolicySetBindings": "",
        "securityProfileName": "",
        "startInstancesWhenFlowStarts": false,
        "startMode": "Maintained",
        "testRecordMode": false,
        "traceNodeLevel": true,
        "wlmPolicy": "",
        "type": "MessageFlow",
        "id": "Backend1",
        "lastModified": "2020-06-06 20:16:50",
        "locationOnDisk": "AggregationMQBackend1/Backend1.cmf",
        "longDesc": "",
        "operationalPolicy": "WorkloadManagement",
        "operationalPolicyAttr": "wlmPolicy",
        "operationalPolicyRequired": "required",
        "schemaTag": "element",
        "shortDesc": "",
        "shortFileName": "Backend1.cmf",
        "size": 12731,
        "version": "",
        "MessageFlowOverrides": {
          "Backend1#MQ Input - BACKEND1.destinationQueueManagerName": "QM",
          "Backend1#MQ Input - BACKEND1.queueName": "BACKEND1",
          "Backend1#MQ Output - BACKEND.REPLY.destinationQueueManagerName": "QM",
          "Backend1#MQ Output - BACKEND.REPLY.queueName": "BACKEND.REPLY",
          "type": "MessageFlowOverrides",
          "id": "MessageFlowOverrides"
        },
        "serverName": "",
        "appName": "AggregationMQBackend1",
        "sharedLibName": "",
        "staticLibName": "",
        "messageFlowName": "Backend1",
        "Nodes": [
          {
            "SSLCipherSpec": "",
            "SSLPeerName": "",
            "additionalInstances": 0,
            "allMsgsAvailable": false,
            "browse": false,
            "catchSecurityExceptions": false,
            "channelName": "",
            "commitByMessageGroup": false,
            "componentLevel": "flow",
            "connection": "SERVER",
            "connectorName": "MQ",
            "convert": false,
            "convertCodedCharSetId": 0,
            "convertEncoding": 0,
            "destinationQueueManagerName": "QM",
            "hpo": false,
            "identityIssuedByLocation": "",
            "identityPasswordLocation": "",
            "identityTokenLocation": "",
            "identityType": "none",
            "listenerPortNumber": "",
            "logicalOrder": true,
            "matchCorrelId": "no",
            "matchMsgId": "no",
            "messageDomainProperty": "XMLNSC",
            "messageFormatProperty": "",
            "messageSetProperty": "",
            "messageTypeProperty": "",
            "orderMode": "default",
            "orderModeLocation": "",
            "parserMqrfh2cUseForMqrfh2Domain": false,
            "parserXmlnscBuildTreeUsingXMLSchema": false,
            "parserXmlnscCommentsRetainMode": "none",
            "parserXmlnscMixedContentRetainMode": "none",
            "parserXmlnscProcessingInstructionsRetainMode": "none",
            "parserXmlnscUseForXmlnsDomain": false,
            "policyUrl": "",
            "queueManagerHostname": "",
            "queueName": "BACKEND1",
            "resetBrowseTimeout": -1,
            "securityIdentity": "",
            "securityProfileName": "",
            "serializationToken": "",
            "topicProperty": "",
            "transactionMode": "yes",
            "useSSL": false,
            "validateAllValueConstraints": true,
            "validateFailureAction": "exception",
            "validateFixup": "none",
            "validateMaster": "none",
            "validateTiming": "deferred",
            "type": "Node",
            "id": "Backend1#FCMComposite_1_1",
            "allowsDatabaseInteraction": "false",
            "allowsTransformations": "false",
            "className": "ComIbmMQInput",
            "commitsUOW": "true",
            "deleted": "no",
            "deployedResourceTypes": "none",
            "deprecated": "no",
            "hasDynamicTerminals": "false",
            "hasMonitoring": "true",
            "hasNamespacePrefixMap": "true",
            "hasThreads": "true",
            "hasUDPs": "false",
            "languages": "none",
            "location": "30,30",
            "longDescription": "",
            "nodeType": "input",
            "operationMode": "all,iiboc",
            "operationalPolicy": "MQEndpoint",
            "operationalPolicyAttr": "policyUrl",
            "operationalPolicyDefaultCondition": "destinationQueueManagerName",
            "operationalPolicyDefaultPolicy": "Default",
            "operationalPolicyRequired": "required",
            "participatesUOW": "true",
            "platforms": "all",
            "pubSubRelated": "false",
            "requiresIntegrationNode": "false",
            "requiresJava": "false",
            "requiresMQ": "connection\u003dSERVER",
            "requiresNodeJS": "false",
            "requiresOther": "",
            "schemaTag": "element",
            "shortDescription": "",
            "standards": "none",
            "terminals": [
              {
                "direction": "out",
                "identifier": "failure"
              },
              {
                "direction": "out",
                "identifier": "out"
              },
              {
                "direction": "out",
                "identifier": "catch"
              }
            ],
            "transports": "MQ",
            "versionIntroduced": "2.0.0.0",
            "serverName": "",
            "appName": "AggregationMQBackend1",
            "sharedLibName": "",
            "staticLibName": "",
            "messageFlowName": "Backend1",
            "subFlowName": "",
            "nodeName": "MQ Input - BACKEND1"
          },
          {
            "AddRequestToGroup": false,
            "GroupRequestFolderName": "",
            "GroupRequestTimeout": 0,
            "SSLCipherSpec": "",
            "SSLPeerName": "",
            "alternateUserAuthority": false,
            "channelName": "",
            "connection": "SERVER",
            "connectorName": "MQ",
            "destinationMode": "fixed",
            "destinationQueueManagerName": "QM",
            "listenerPortNumber": "",
            "messageContext": "passAll",
            "newCorrelId": false,
            "newMsgId": false,
            "persistenceMode": "automatic",
            "policyUrl": "",
            "queueManagerHostname": "",
            "queueManagerName": "",
            "queueName": "BACKEND.REPLY",
            "replyToQ": "",
            "replyToQMgr": "",
            "request": false,
            "securityIdentity": "",
            "securityProfileName": "",
            "segmentationAllowed": false,
            "transactionMode": "automatic",
            "useSSL": false,
            "validateAllValueConstraints": true,
            "validateFailureAction": "exception",
            "validateFixup": "none",
            "validateMaster": "inherit",
            "type": "Node",
            "id": "Backend1#FCMComposite_1_2",
            "allowsDatabaseInteraction": "false",
            "allowsTransformations": "false",
            "className": "ComIbmMQOutput",
            "commitsUOW": "false",
            "deleted": "no",
            "deployedResourceTypes": "none",
            "deprecated": "no",
            "hasDynamicTerminals": "false",
            "hasMonitoring": "true",
            "hasNamespacePrefixMap": "true",
            "hasThreads": "false",
            "hasUDPs": "false",
            "languages": "none",
            "location": "330,30",
            "longDescription": "",
            "nodeType": "output",
            "operationMode": "all,iiboc",
            "operationalPolicy": "MQEndpoint",
            "operationalPolicyAttr": "policyUrl",
            "operationalPolicyDefaultCondition": "destinationQueueManagerName",
            "operationalPolicyDefaultPolicy": "Default",
            "operationalPolicyRequired": "required",
            "participatesUOW": "true",
            "platforms": "all",
            "pubSubRelated": "false",
            "requiresIntegrationNode": "false",
            "requiresJava": "false",
            "requiresMQ": "connection\u003dSERVER",
            "requiresNodeJS": "false",
            "requiresOther": "",
            "schemaTag": "element",
            "shortDescription": "",
            "standards": "none",
            "terminals": [
              {
                "direction": "in",
                "identifier": "in"
              },
              {
                "direction": "out",
                "identifier": "failure"
              },
              {
                "direction": "out",
                "identifier": "out"
              }
            ],
            "transports": "MQ",
            "versionIntroduced": "2.0.0.0",
            "serverName": "",
            "appName": "AggregationMQBackend1",
            "sharedLibName": "",
            "staticLibName": "",
            "messageFlowName": "Backend1",
            "subFlowName": "",
            "nodeName": "MQ Output - BACKEND.REPLY"
          },
          {
            "mappingExpression": "{default}:Backend1_Mapping",
            "transaction": "automatic",
            "validateAllValueConstraints": true,
            "validateFailureAction": "exception",
            "validateFixup": "none",
            "validateMaster": "none",
            "type": "Node",
            "id": "Backend1#FCMComposite_1_3",
            "allowsDatabaseInteraction": "true",
            "allowsTransformations": "true",
            "className": "ComIbmMSLMapping",
            "commitsUOW": "false",
            "deleted": "no",
            "deployedResourceTypes": "xmap",
            "deprecated": "no",
            "hasDynamicTerminals": "false",
            "hasMonitoring": "true",
            "hasNamespacePrefixMap": "true",
            "hasThreads": "false",
            "hasUDPs": "true",
            "languages": "none",
            "location": "180,30",
            "longDescription": "",
            "nodeType": "mapping",
            "operationMode": "all,iiboc,-adapter",
            "operationalPolicy": "none",
            "participatesUOW": "true",
            "platforms": "all",
            "pubSubRelated": "false",
            "requiresIntegrationNode": "false",
            "requiresJava": "true",
            "requiresMQ": "false",
            "requiresNodeJS": "false",
            "requiresOther": "",
            "schemaTag": "element",
            "shortDescription": "",
            "standards": "none",
            "terminals": [
              {
                "direction": "in",
                "identifier": "in"
              },
              {
                "direction": "out",
                "identifier": "failure"
              },
              {
                "direction": "out",
                "identifier": "out"
              }
            ],
            "transports": "none",
            "versionIntroduced": "8.0.0.0",
            "serverName": "",
            "appName": "AggregationMQBackend1",
            "sharedLibName": "",
            "staticLibName": "",
            "messageFlowName": "Backend1",
            "subFlowName": "",
            "nodeName": "Mapping"
          }
        ]
      },
      "DeployDescriptor": {
        "type": "DeployDescriptor",
        "id": "DeployDescriptor",
        "lastModified": "2020-06-06 20:16:50",
        "locationOnDisk": "AggregationMQBackend1/META-INF/broker.xml",
        "shortFileName": "broker.xml",
        "size": 4262,
        "serverName": "",
        "resourceName": "DeployDescriptor"
      }
    }
  }
}