{
  "domain": "N/A",
  "assessmentType": "Node",
  "assessmentName": "AggregateBackend2.bar",
  "middleware": "App Connect Enterprise",
  "version": "N/A",
  "complexityRules": [
    {
      "id": "admintasksimple",
      "name": "Simple Administrator Task",
      "description": "Issues with a SIMPLE complexity rating can be resolved by making administration changes:",
      "complexityContribution": "SIMPLE",
      "issuesCategory": [
        "admintasksimple"
      ]
    },
    {
      "id": "devtaskmoderate",
      "name": "Moderate Developer Task",
      "description": "Issues with a MODERATE complexity rating can be resolved by making development changes:",
      "complexityContribution": "MODERATE",
      "issuesCategory": [
        "devtaskmoderate"
      ]
    },
    {
      "id": "devtaskcomplex",
      "name": "Complex Developer Task",
      "description": "Issues with a COMPLEX complexity rating can be resolved by making significant development changes or by choosing an alternate technology:",
      "complexityContribution": "COMPLEX",
      "issuesCategory": [
        "devtaskcomplex"
      ]
    }
  ],
  "issueCategories": {
    "admintasksimple": {
      "title": "Issues with a SIMPLE complexity rating can be resolved by making administration changes:"
    },
    "devtaskcomplex": {
      "title": "Issues with a COMPLEX complexity rating can be resolved by making significant development changes or by choosing an alternate technology:"
    },
    "devtaskmoderate": {
      "title": "Issues with a MODERATE complexity rating can be resolved by making development changes:"
    }
  },
  "assessmentUnits": [
    {
      "name": "AggregateBackend2",
      "targets": [
        {
          "version": "11.0",
          "productName": "ACE",
          "productVersion": "11.0",
          "runtime": "ACE",
          "platform": "Docker",
          "location": "Private",
          "valid": "true",
          "issues": {
            "admintasksimple": [
              {
                "id": "IIB19",
                "title": "An MQInput, MQOutput, or MQGet message flow node using server bindings to a queue manager has been found. You might want to consider changing this when moving to containers.",
                "cost": 3.0,
                "issueOverhead": 1.0,
                "occurrencesCost": 1.0,
                "complexityRule": "admintasksimple",
                "solutionText": [
                  "The message flow has been found to contain an instance of an MQ node using server bindings.",
                  "You might want to consider changing to use MQ Client bindings when moving to containers, so that you can use smaller containers.",
                  "Using client bindings can also make it easier to independently scale the integration servers in your architecture from your queue managers."
                ],
                "severity": "YELLOW",
                "occurrencesFields": {
                  "app": "Application",
                  "sharedLibName": "Shared Library",
                  "staticLibName": "Static Library",
                  "subFlow": "Sub Flow",
                  "messageFlow": "Message Flow",
                  "flowNode": "Message Flow Node"
                },
                "occurrencesCount": 2,
                "occurrences": [
                  {
                    "app": "AggregationMQBackend2",
                    "sharedLibName": "",
                    "staticLibName": "",
                    "subFlow": "",
                    "messageFlow": "Backend2",
                    "flowNode": "MQ Input - BACKEND2"
                  },
                  {
                    "app": "AggregationMQBackend2",
                    "sharedLibName": "",
                    "staticLibName": "",
                    "subFlow": "",
                    "messageFlow": "Backend2",
                    "flowNode": "MQ Output - BACKEND.REPLY"
                  }
                ]
              }
            ]
          },
          "summary": {
            "complexity": {
              "SIMPLE": {
                "admintasksimple": 1
              },
              "score": "SIMPLE"
            },
            "issues": {
              "YELLOW": 1
            },
            "effort": {
              "admintasksimple": 3.0,
              "total": 3.0
            }
          }
        }
      ]
    }
  ]
}