<?xml version="1.0" encoding="UTF-8"?>
<con:soapui-project id="cd2c15f4-d213-4f7e-8130-637dd65522d6" activeEnvironment="Default" name="MQPropUpdateAutomation" soapui-version="5.2.1" abortOnError="false" runType="SEQUENTIAL" xmlns:con="http://eviware.com/soapui/config"><con:settings/><con:interface xsi:type="con:RestService" id="69040738-0cce-4a9c-ac5f-ce4f2c87a395" wadlVersion="http://wadl.dev.java.net/2009/02" name="http://localhost:7801" type="rest" xmlns:xsi="http://www.w3.org/2001/XMLSchema-instance"><con:settings/><con:definitionCache/><con:endpoints><con:endpoint>http://localhost:7801</con:endpoint></con:endpoints><con:resource name="NodeInfo" path="/TAOutput/RecommendationData/NodeInfo" id="d48a0ac7-21c3-4639-b5ff-9a43afe13233"><con:settings/><con:parameters/><con:method name="NodeInfo 1" id="30f7a63a-ba5a-47a6-9c74-de17526fc52d" method="POST"><con:settings/><con:parameters/><con:representation type="REQUEST"><con:mediaType>application/json</con:mediaType><con:params/></con:representation><con:representation type="RESPONSE"><con:mediaType xsi:nil="true"/><con:status>0</con:status><con:params/><con:element>data</con:element></con:representation><con:representation type="RESPONSE"><con:mediaType xsi:nil="true"/><con:status>0</con:status><con:params/><con:element>data</con:element></con:representation><con:representation type="RESPONSE"><con:mediaType>application/json; charset=utf-8</con:mediaType><con:status>200</con:status><con:params/><con:element xmlns:nod="http://localhost/TAOutput/RecommendationData/NodeInfo">nod:Response</con:element></con:representation><con:representation type="RESPONSE"><con:mediaType>application/json;charset=utf-8</con:mediaType><con:status>200</con:status><con:params/><con:element xmlns:nod="http://localhost/TAOutput/RecommendationData/NodeInfo">nod:Response</con:element></con:representation><con:request name="Request 1" id="a71d76cd-4ba3-468a-a972-0520f03815b1" mediaType="application/json" postQueryString="false"><con:settings><con:setting id="com.eviware.soapui.impl.wsdl.WsdlRequest@request-headers">&lt;xml-fragment/></con:setting></con:settings><con:endpoint>http://localhost:7803</con:endpoint><con:request>{
  "domain": "N/A",
  "assessmentType": "Node",
  "assessmentName": "AggregateMQFlow.bar",
  "middleware": "App Connect Enterprise",
  "version": "N/A",
  "complexityRules": [
    {
      "id": "admintasksimple",
      "name": "Simple Administrator Task",
      "description": "Issues with a SIMPLE complexity rating can be resolved by making administration changes:",
      "complexityContribution": "SIMPLE",
      "issuesCategory": [
        "admintasksimple"
      ]
    },
    {
      "id": "devtaskmoderate",
      "name": "Moderate Developer Task",
      "description": "Issues with a MODERATE complexity rating can be resolved by making development changes:",
      "complexityContribution": "MODERATE",
      "issuesCategory": [
        "devtaskmoderate"
      ]
    },
    {
      "id": "devtaskcomplex",
      "name": "Complex Developer Task",
      "description": "Issues with a COMPLEX complexity rating can be resolved by making significant development changes or by choosing an alternate technology:",
      "complexityContribution": "COMPLEX",
      "issuesCategory": [
        "devtaskcomplex"
      ]
    }
  ],
  "issueCategories": {
    "admintasksimple": {
      "title": "Issues with a SIMPLE complexity rating can be resolved by making administration changes:"
    },
    "devtaskcomplex": {
      "title": "Issues with a COMPLEX complexity rating can be resolved by making significant development changes or by choosing an alternate technology:"
    },
    "devtaskmoderate": {
      "title": "Issues with a MODERATE complexity rating can be resolved by making development changes:"
    }
  },
  "assessmentUnits": [
    {
      "name": "AggregateMQFlow",
      "targets": [
        {
          "version": "11.0",
          "productName": "ACE",
          "productVersion": "11.0",
          "runtime": "ACE",
          "platform": "Docker",
          "location": "Private",
          "valid": "true",
          "issues": {
            "admintasksimple": [
              {
                "id": "IIB11",
                "title": "An AggregateControl, AggregateRequest, or AggregateReply message flow node has been found. You might want to consider altering your MQ topology.",
                "cost": 5.0,
                "issueOverhead": 1.0,
                "occurrencesCost": 1.0,
                "complexityRule": "admintasksimple",
                "solutionText": [
                  "The message flow has been found to contain an instance of an AggregateControl, AggregateRequest, or AggregateReply message flow node.",
                  "In IBM App Connect Enterprise prior to v11.0.0.7, these message flow nodes require a local server binding connection to an MQ Queue Manager.",
                  "Consider altering your MQ topology as part of your move to a container-based architecture.",
                  "IBM App Connect Enterprise v11 also provides the Group nodes, which cater for similar aggregation use-cases but use in-memory queueing and have no MQ dependency."
                ],
                "severity": "YELLOW",
                "occurrencesFields": {
                  "app": "Application",
                  "sharedLibName": "Shared Library",
                  "staticLibName": "Static Library",
                  "subFlow": "Sub Flow",
                  "messageFlow": "Message Flow",
                  "flowNode": "Message Flow Node"
                },
                "occurrencesCount": 4,
                "occurrences": [
                  {
                    "app": "AggregationMQ",
                    "sharedLibName": "",
                    "staticLibName": "",
                    "subFlow": "",
                    "messageFlow": "AggregationMQ_FanIn",
                    "flowNode": "Aggregate Reply"
                  },
                  {
                    "app": "AggregationMQ",
                    "sharedLibName": "",
                    "staticLibName": "",
                    "subFlow": "",
                    "messageFlow": "AggregationMQ_FanOut",
                    "flowNode": "Aggregate Control"
                  },
                  {
                    "app": "AggregationMQ",
                    "sharedLibName": "",
                    "staticLibName": "",
                    "subFlow": "",
                    "messageFlow": "AggregationMQ_FanOut",
                    "flowNode": "Aggregate Request1"
                  },
                  {
                    "app": "AggregationMQ",
                    "sharedLibName": "",
                    "staticLibName": "",
                    "subFlow": "",
                    "messageFlow": "AggregationMQ_FanOut",
                    "flowNode": "Aggregate Request2"
                  }
                ]
              },
              {
                "id": "IIB19",
                "title": "An MQInput, MQOutput, or MQGet message flow node using server bindings to a queue manager has been found. You might want to consider changing this when moving to containers.",
                "cost": 6.0,
                "issueOverhead": 1.0,
                "occurrencesCost": 1.0,
                "complexityRule": "admintasksimple",
                "solutionText": [
                  "The message flow has been found to contain an instance of an MQ node using server bindings.",
                  "You might want to consider changing to use MQ Client bindings when moving to containers, so that you can use smaller containers.",
                  "Using client bindings can also make it easier to independently scale the integration servers in your architecture from your queue managers."
                ],
                "severity": "YELLOW",
                "occurrencesFields": {
                  "app": "Application",
                  "sharedLibName": "Shared Library",
                  "staticLibName": "Static Library",
                  "subFlow": "Sub Flow",
                  "messageFlow": "Message Flow",
                  "flowNode": "Message Flow Node"
                },
                "occurrencesCount": 5,
                "occurrences": [
                  {
                    "app": "AggregationMQ",
                    "sharedLibName": "",
                    "staticLibName": "",
                    "subFlow": "",
                    "messageFlow": "AggregationMQ_FanIn",
                    "flowNode": "MQ Input - BACKEND.REPLY"
                  },
                  {
                    "app": "AggregationMQ",
                    "sharedLibName": "",
                    "staticLibName": "",
                    "subFlow": "",
                    "messageFlow": "AggregationMQ_FanIn",
                    "flowNode": "MQ Output - AGG.OUT"
                  },
                  {
                    "app": "AggregationMQ",
                    "sharedLibName": "",
                    "staticLibName": "",
                    "subFlow": "",
                    "messageFlow": "AggregationMQ_FanOut",
                    "flowNode": "MQ Input - AGG.IN"
                  },
                  {
                    "app": "AggregationMQ",
                    "sharedLibName": "",
                    "staticLibName": "",
                    "subFlow": "",
                    "messageFlow": "AggregationMQ_FanOut",
                    "flowNode": "MQ Output - BACKEND1"
                  },
                  {
                    "app": "AggregationMQ",
                    "sharedLibName": "",
                    "staticLibName": "",
                    "subFlow": "",
                    "messageFlow": "AggregationMQ_FanOut",
                    "flowNode": "MQ Output - BACKEND2"
                  }
                ]
              }
            ]
          },
          "summary": {
            "complexity": {
              "SIMPLE": {
                "admintasksimple": 1
              },
              "score": "SIMPLE"
            },
            "issues": {
              "YELLOW": 2
            },
            "effort": {
              "admintasksimple": 11.0,
              "total": 11.0
            }
          }
        }
      ]
    }
  ]
}</con:request><con:originalUri>http://localhost/TAOutput/RecommendationData/NodeInfo</con:originalUri><con:credentials><con:authType>No Authorization</con:authType></con:credentials><con:jmsConfig JMSDeliveryMode="PERSISTENT"/><con:jmsPropertyConfig/><con:parameters/></con:request></con:method></con:resource><con:resource name="propertiesFile" path="/api/generate/propertiesFile" id="1f0351fd-f035-4fbe-be83-d6a8f5617f21"><con:settings/><con:parameters/><con:method name="Method 1" id="3523750a-9a04-4fec-a9ef-fe54b3fc4829" method="POST"><con:settings/><con:parameters/><con:representation type="REQUEST"><con:mediaType>application/json</con:mediaType><con:params/></con:representation><con:representation type="RESPONSE"><con:mediaType xsi:nil="true"/><con:status>0</con:status><con:params/><con:element>data</con:element></con:representation><con:representation type="RESPONSE"><con:mediaType xsi:nil="true"/><con:status>0</con:status><con:params/><con:element>data</con:element></con:representation><con:representation type="RESPONSE"><con:mediaType>application/json; charset=utf-8</con:mediaType><con:status>200</con:status><con:params/><con:element xmlns:prop="http://localhost/api/generate/propertiesFile">prop:Response</con:element></con:representation><con:representation type="RESPONSE"><con:mediaType>application/json;charset=utf-8</con:mediaType><con:status>200</con:status><con:params/><con:element xmlns:prop="http://localhost/api/generate/propertiesFile">prop:Response</con:element></con:representation><con:request name="Request 1" id="ffc1e326-ba6b-46dd-b8ad-068c778c589c" mediaType="application/json" postQueryString="false"><con:settings><con:setting id="com.eviware.soapui.impl.wsdl.WsdlRequest@request-headers">&lt;xml-fragment/></con:setting></con:settings><con:endpoint>http://localhost:7803</con:endpoint><con:request>{
	"mqUpdateDetails": [{
			"hostName": "localhost",
			"listenerPortNumber": 1414,
			"communicationChannelName": "SYSTEM.DEF.SVRCONN",
			"destinationQMName": "QM",
			"messageFlowName": "AggregationMQ_FanIn",
			"nodeName": "MQ Input - BACKEND.REPLY"
		},
		{
			"hostName": "localhost",
			"listenerPortNumber": 1414,
			"communicationChannelName": "SYSTEM.DEF.SVRCONN",
			"destinationQMName": "QM",
			"messageFlowName": "AggregationMQ_FanIn",
			"nodeName": "MQ Output - AGG.OUT"
		},
		{
			"hostName": "localhost",
			"listenerPortNumber": 1414,
			"communicationChannelName": "SYSTEM.DEF.SVRCONN",
			"destinationQMName": "QM",
			"messageFlowName": "AggregationMQ_FanOut",
			"nodeName": "MQ Input - AGG.IN"
		},
		{
			"hostName": "localhost",
			"listenerPortNumber": 1414,
			"communicationChannelName": "SYSTEM.DEF.SVRCONN",
			"destinationQMName": "QM",
			"messageFlowName": "AggregationMQ_FanOut",
			"nodeName": "MQ Output - BACKEND1"
		},
		{
			"hostName": "localhost",
			"listenerPortNumber": 1414,
			"communicationChannelName": "SYSTEM.DEF.SVRCONN",
			"destinationQMName": "QM",
			"messageFlowName": "AggregationMQ_FanOut",
			"nodeName": "MQ Output - BACKEND2"
		}
	],
	"applicationIndicator": "Y",
	"libraryIndicator": "N",
	"barFileLocation": "G:\\Work\\IBMIncubation\\TAAdvisor\\OverrideTest",
	"barFileName": "AggregateMQFlowNew.bar",
	"propertiesFileLocation": "G:\\Work\\IBMIncubation\\TAAdvisor\\OverrideTest",
	"propertiesFileName": "AggregateMQFlow_Devoverride.properties",
	"region": "Dev"
}</con:request><con:originalUri>http://localhost/api/generate/propertiesFile</con:originalUri><con:credentials><con:authType>No Authorization</con:authType></con:credentials><con:jmsConfig JMSDeliveryMode="PERSISTENT"/><con:jmsPropertyConfig/><con:parameters/></con:request></con:method></con:resource></con:interface><con:properties/><con:wssContainer/><con:oAuth2ProfileContainer/><con:oAuth1ProfileContainer/></con:soapui-project>