{
	"mqUpdateDetails": [{
			"hostName": "mq-r6-ibm-mq.mq.svc",
			"listenerPortNumber": 1414,
			"communicationChannelName": "SYSTEM.DEF.SVRCONN",
			"messageFlowName": "AggregationMQ_FanIn",
			"nodeName": "MQ Input - BACKEND.REPLY"
		},
		{
			"hostName": "mq-r6-ibm-mq.mq.svc",
			"listenerPortNumber": 1414,
			"communicationChannelName": "SYSTEM.DEF.SVRCONN",
			"messageFlowName": "AggregationMQ_FanIn",
			"nodeName": "MQ Output - AGG.OUT"
		},
		{
			"hostName": "mq-r6-ibm-mq.mq.svc",
			"listenerPortNumber": 1414,
			"communicationChannelName": "SYSTEM.DEF.SVRCONN",
			"messageFlowName": "AggregationMQ_FanOut",
			"nodeName": "MQ Input - AGG.IN"
		},
		{
			"hostName": "mq-r6-ibm-mq.mq.svc",
			"listenerPortNumber": 1414,
			"communicationChannelName": "SYSTEM.DEF.SVRCONN",
			"messageFlowName": "AggregationMQ_FanOut",
			"nodeName": "MQ Output - BACKEND1"
		},
		{
			"hostName": "mq-r6-ibm-mq.mq.svc",
			"listenerPortNumber": 1414,
			"communicationChannelName": "SYSTEM.DEF.SVRCONN",
			"messageFlowName": "AggregationMQ_FanOut",
			"nodeName": "MQ Output - BACKEND2"
		}
	],
	"applicationIndicator": "Y",
	"libraryIndicator": "N",
	"barFileLocation": "G:\\Work\\IBMIncubation\\TAAdvisor\\OverrideTest",
	"barFileName": "AggregateMQFlowNew.bar",
	"propertiesFileLocation": "G:\\Work\\IBMIncubation\\TAAdvisor\\OverrideTest",
	"propertiesFileName": "AggregateMQFlow_override.properties",
	"region": "Dev"
}