{
	"mqUpdateDetails": [{
			"hostName": "mq-r6-ibm-mq.mq.svc",
			"listenerPortNumber": 1414,
			"communicationChannelName": "SYSTEM.DEF.SVRCONN",
			"destinationQMName": "QM",
			"messageFlowName": "Backend2",
			"nodeName": "MQ Input - BACKEND2"
		},
		{
			"hostName": "mq-r6-ibm-mq.mq.svc",
			"listenerPortNumber": 1414,
			"communicationChannelName": "SYSTEM.DEF.SVRCONN",
			"destinationQMName": "QM",
			"messageFlowName": "Backend2",
			"nodeName": "MQ Output - BACKEND.REPLY"
		}
	],
	"applicationIndicator": "Y",
	"libraryIndicator": "N",
	"barFileLocation": "G:\\Work\\IBMIncubation\\TAAdvisor\\OverrideTest",
	"barFileName": "AggregateBackend2.bar",
	"propertiesFileLocation": "G:\\Work\\IBMIncubation\\TAAdvisor\\OverrideTest",
	"propertiesFileName": "Backend2_override.properties",
	"region": "Dev"
}